{"component":true,"usingComponents":{"empty-box":"/components/empty-box/index","user-progress":"./components/user-progress/index","game-state":"./components/game-state/index","profile":"./components/profile/index","medal-tips":"./components/medal-tips/index","medal-tag":"/components/user-tags/medal-tag/index","vip-tag":"/components/user-tags/vip-tag/index","charm-tag":"/components/user-tags/charm-tag/index","effect-username":"/components/effect-username/index","personal-best-friend":"/package-best-friend/components/personal-best-friend/index","personal-dynamic":"/package-independent/components/personal-dynamic/index","vap-player":"/components/vap-player/index","mbti-point":"./components/mbti-point/index","cp-point":"./components/cp-point/index","wp-btn":"../wp-btn/index","app-dialog":"../app-dialog/index","wp-btn-v2":"../wp-btn-v2/index","improve-information":"../improve-information/index","avatar-frame":"../avatar-frame/index","global-comp":"../global-comp/index","popup":"../popup/index","wp-image":"../wp-image/index","mbti-label":"../mbti-label/index"},"componentPlaceholder":{"publish-btn":"block","personal-best-friend":"block","personal-dynamic":"block"}}