{"disableScroll":true,"usingComponents":{"auth-login":"/components/auth-login/index","session-list":"/package-tab-bar/components/session-list/index","page-container":"/components/page-container/index","official-account-code":"/components/official-account-code/index","message-friend-list":"/package-friend/components/message-friend-list/index","social-willingness-pop":"/package-independent/components/social-willingness-pop/index","wp-btn":"../../components/wp-btn/index","app-dialog":"../../components/app-dialog/index","wp-btn-v2":"../../components/wp-btn-v2/index","improve-information":"../../components/improve-information/index","avatar-frame":"../../components/avatar-frame/index","global-comp":"../../components/global-comp/index","popup":"../../components/popup/index","wp-image":"../../components/wp-image/index","mbti-label":"../../components/mbti-label/index"},"componentPlaceholder":{"session-list":"block","message-friend-list":"block","social-willingness-pop":"block"}}