{"disableScroll":true,"usingComponents":{"punish-dialog":"/components/punish-dialog/index","confirm-dialog":"/components/confirm-dialog/index","create-room-dialog":"/components/create-room-dialog/index","create-offline-room":"/components/create-offline-room/index","daily-attendance":"/package-independent/components/daily-attendance/index","page-container":"/components/page-container/index","energy":"./components/energy/index","auth-login":"/components/auth-login/index","member-carousel":"/components/member-carousel/index","interest-guild":"./components/interest-guild/index","match-pop":"/package-independent/components/match-pop/index","set-match-conditions":"/package-independent/components/set-match-conditions/index","mbti-introduction":"./components/mbti-introduction/index","recommended-activity":"./components/recommended-activity/index","bubble":"./components/bubble/index","bubble-animate":"./components/bubble-animate/index","quick-match-enter":"./components/quick-match-enter/index","coin-update":"/package-independent/components/coin-update/index","match-help-notice":"/package-independent/components/match-help-notice/index","wp-btn":"../../components/wp-btn/index","app-dialog":"../../components/app-dialog/index","wp-btn-v2":"../../components/wp-btn-v2/index","improve-information":"../../components/improve-information/index","avatar-frame":"../../components/avatar-frame/index","global-comp":"../../components/global-comp/index","popup":"../../components/popup/index","wp-image":"../../components/wp-image/index","mbti-label":"../../components/mbti-label/index"},"initialRenderingCache":"static","componentPlaceholder":{"match-pop":"block","set-match-conditions":"block","daily-attendance":"block","coin-update":"block","match-help-notice":"block"}}