{"usingComponents":{"page-container":"/components/page-container/index","publish-btn":"/package-dynamic/components/publish-btn/index","discover":"./components/discover/index","follow":"./components/follow/index","share-dialog":"/components/share-dialog/index","action-sheet":"/components/action-sheet/index","match-pop":"/package-independent/components/match-pop/index","official-account-code":"/components/official-account-code/index","wp-btn":"../wp-btn/index","app-dialog":"../app-dialog/index","wp-btn-v2":"../wp-btn-v2/index","improve-information":"../improve-information/index","avatar-frame":"../avatar-frame/index","global-comp":"../global-comp/index","popup":"../popup/index","wp-image":"../wp-image/index","mbti-label":"../mbti-label/index"},"componentPlaceholder":{"publish-btn":"block","match-pop":"block"}}