{"usingComponents":{"user-header":"../user-header/index","dynamic-content":"../dynamic-content/index","related":"../related/index","location":"../location/index","bottom-tools":"../bottom-tools/index","hot-comment":"../hot-comment/index","wp-btn":"../../wp-btn/index","app-dialog":"../../app-dialog/index","wp-btn-v2":"../../wp-btn-v2/index","improve-information":"../../improve-information/index","avatar-frame":"../../avatar-frame/index","global-comp":"../../global-comp/index","popup":"../../popup/index","wp-image":"../../wp-image/index","mbti-label":"../../mbti-label/index"}}