{"usingComponents":{"effect-username":"/components/effect-username/index","medal-tag":"/components/user-tags/medal-tag/index","vip-tag":"/components/user-tags/vip-tag/index","wp-btn":"../../wp-btn/index","app-dialog":"../../app-dialog/index","wp-btn-v2":"../../wp-btn-v2/index","improve-information":"../../improve-information/index","avatar-frame":"../../avatar-frame/index","global-comp":"../../global-comp/index","popup":"../../popup/index","wp-image":"../../wp-image/index","mbti-label":"../../mbti-label/index"},"componentPlaceholder":{}}