{"usingComponents":{"broadcast":"/package-independent/components/broadcast/index","password-dialog":"/components/password-dialog/index","authorize-dialog":"/components/authorize-dialog/index","minor-appeal":"/components/minor-appeal/index","gudu-confirm-dialog":"/components/gudu-confirm-dialog/index","guild-info-dialog":"/components/guild-info-dialog/index","personal-tag-dialog":"/package-independent/components/personal-tag-dialog/index","social-purpose-dialog":"/package-independent/components/social-purpose-dialog/index","verify-dialog":"/components/verify-dialog/index","mix-pay-tips":"/components/mix-pay-tips/index","global-push":"/components/global-push/index","insufficient-balance":"/components/insufficient-balance/index","friend-chat-msg-push":"/package-independent/components/friend-chat-msg-push/index","recharge-dialog":"/components/recharge-dialog/index","gudu-vip-dialog":"/components/gudu-vip-dialog/index","first-recharge-dialog":"/package-independent/components/first-recharge-dialog/index","wp-btn":"../wp-btn/index","app-dialog":"../app-dialog/index","wp-btn-v2":"../wp-btn-v2/index","improve-information":"../improve-information/index","avatar-frame":"../avatar-frame/index","global-comp":"./index","popup":"../popup/index","wp-image":"../wp-image/index","mbti-label":"../mbti-label/index"},"componentPlaceholder":{"broadcast":"block","personal-tag-dialog":"block","social-purpose-dialog":"block","friend-chat-msg-push":"block","first-recharge-dialog":"block"}}