{"usingComponents":{"dynamic-item":"/components/dynamic/dynamic-item/index","loading":"/components/loading/index","planet-topic-item":"../planet-topic-item/index","planet-adv-item":"../planet-adv-item/index","discover-ad-swiper":"/package-independent/components/discover-ad-swiper/index","wp-btn":"../../../wp-btn/index","app-dialog":"../../../app-dialog/index","wp-btn-v2":"../../../wp-btn-v2/index","improve-information":"../../../improve-information/index","avatar-frame":"../../../avatar-frame/index","global-comp":"../../../global-comp/index","popup":"../../../popup/index","wp-image":"../../../wp-image/index","mbti-label":"../../../mbti-label/index"},"componentPlaceholder":{"discover-ad-swiper":"block"}}