{"component":true,"usingComponents":{"choose-mbti":"/package-independent/components/set-match-conditions/components/choose-mbti/index","authorize-input":"/package-independent/components/authorize-input/index","wp-btn":"../wp-btn/index","app-dialog":"../app-dialog/index","wp-btn-v2":"../wp-btn-v2/index","improve-information":"./index","avatar-frame":"../avatar-frame/index","global-comp":"../global-comp/index","popup":"../popup/index","wp-image":"../wp-image/index","mbti-label":"../mbti-label/index"},"componentPlaceholder":{"authorize-input":"block","choose-mbti":"block"}}