{"usingComponents":{"empty-box":"/components/empty-box/index","mbti-point-percent":"/package-independent/components/mbti-point-percent/index","gift-named-dialog":"/package-independent/components/gift-named-dialog/index","wp-btn":"../../../wp-btn/index","app-dialog":"../../../app-dialog/index","wp-btn-v2":"../../../wp-btn-v2/index","improve-information":"../../../improve-information/index","avatar-frame":"../../../avatar-frame/index","global-comp":"../../../global-comp/index","popup":"../../../popup/index","wp-image":"../../../wp-image/index","mbti-label":"../../../mbti-label/index"},"componentPlaceholder":{"mbti-point-percent":"block","gift-named-dialog":"block"}}