{"disableScroll":true,"usingComponents":{"auth-login":"/components/auth-login/index","game-room":"/package-tab-bar/components/game-room/index","wp-btn":"../../components/wp-btn/index","app-dialog":"../../components/app-dialog/index","wp-btn-v2":"../../components/wp-btn-v2/index","improve-information":"../../components/improve-information/index","avatar-frame":"../../components/avatar-frame/index","global-comp":"../../components/global-comp/index","popup":"../../components/popup/index","wp-image":"../../components/wp-image/index","mbti-label":"../../components/mbti-label/index"},"componentPlaceholder":{"game-room":"block"}}