{"component":true,"usingComponents":{"channel-panel":"/package-independent/components/channel-panel/index","wxml-to-canvas":"../../miniprogram_npm/wxml-to-canvas/index","poster":"./components/poster/index","copy-token":"./components/copy-token/index","confirm-channel-select":"./components/confirm-channel-select/index","wp-btn":"../wp-btn/index","app-dialog":"../app-dialog/index","wp-btn-v2":"../wp-btn-v2/index","improve-information":"../improve-information/index","avatar-frame":"../avatar-frame/index","global-comp":"../global-comp/index","popup":"../popup/index","wp-image":"../wp-image/index","mbti-label":"../mbti-label/index"},"componentPlaceholder":{"channel-panel":"block"}}